Hello World!,5,[],3034eb27095f501aeccbc17e8f8fa3ed98fb1f5c,1713074178
3034eb27095f501aeccbc17e8f8fa3ed98fb1f5c,5,[],00000851e4c86d7661079dd06545161a6881c6f0,1713074178
00000851e4c86d7661079dd06545161a6881c6f0,5,[],000000f939773cccc7e6de01fb53b81663d5f18f,1713074180
000000f939773cccc7e6de01fb53b81663d5f18f,5,[],00000c0a3ad0ad1ddc377b3307a44c35a8dabf1d,1713074181
00000c0a3ad0ad1ddc377b3307a44c35a8dabf1d,5,[],00000cdb5ac6648c3a21879004928bf07e1df3d7,1713074182
00000cdb5ac6648c3a21879004928bf07e1df3d7,5,[],0000095469228a9c4b4c2faa6d1447f87db19109,1713074183
0000095469228a9c4b4c2faa6d1447f87db19109,5,[],00000d64a18a50bad9bd708d8da0076aa23df868,1713074183
00000d64a18a50bad9bd708d8da0076aa23df868,5,[],000004e52375a1190607f0e5a29805cec6853812,1713074185
000004e52375a1190607f0e5a29805cec6853812,5,[],00000ce2d375731e92230734e886ed2e28927a98,1713074185
00000ce2d375731e92230734e886ed2e28927a98,5,[],000009ac238c1f2436d9dabda3c15130c9e50fe3,1713074185
000009ac238c1f2436d9dabda3c15130c9e50fe3,5,[],000007a2d885f75e6cef2720a169c30c02815248,1713074185
000007a2d885f75e6cef2720a169c30c02815248,5,[],0000014fd7babb9c71a2f6c9a5833f046f2caec7,1713074188
0000014fd7babb9c71a2f6c9a5833f046f2caec7,5,[],000000712d72491f1bb0bef11cda71c6ff9284fa,1713074188
000000712d72491f1bb0bef11cda71c6ff9284fa,5,[],000003b056895912a4ccc7a994e545d5bd460d1d,1713074189
000003b056895912a4ccc7a994e545d5bd460d1d,5,[],000002eab00ff884c9a7b8b352461cdf5ebfbbe0,1713074189
000002eab00ff884c9a7b8b352461cdf5ebfbbe0,5,[],00000f1923aa2ba598bfb33a5986a7a8436df52e,1713074189
00000f1923aa2ba598bfb33a5986a7a8436df52e,5,[],0000029565a06b7ef95d47b0f1e2a07da8a4f590,1713074190
0000029565a06b7ef95d47b0f1e2a07da8a4f590,5,[],00000f83e4e9332602b290451ca0f1d9e3a3ba53,1713074190
00000f83e4e9332602b290451ca0f1d9e3a3ba53,5,[],0000095ea4e7620377bc5c1ef9e4bd8bfab4d424,1713074192
0000095ea4e7620377bc5c1ef9e4bd8bfab4d424,5,[],00000043b49fa3ee8b8560c13bd6450c0753cff5,1713074194
00000043b49fa3ee8b8560c13bd6450c0753cff5,6,[],0000007c13ed375f2218f1537912c3ed98b10503,1713074194
0000007c13ed375f2218f1537912c3ed98b10503,6,[],000000f511b0d977a50f4516b1dffbde8fd90d2b,1713074199
000000f511b0d977a50f4516b1dffbde8fd90d2b,6,[<__main__.Transaction object at 0x000001BBEDD87D70>],0000003dd0e5d12017a3f4389f86cfb9bc455414,1713074291
0000003dd0e5d12017a3f4389f86cfb9bc455414,6,[],0000005f1c75df83a66ed58deee66b61003124dd,1713074422
